{
  "hash": "7924ef4d",
  "configHash": "3c45609c",
  "lockfileHash": "d24fe3ee",
  "browserHash": "1badd187",
  "optimized": {
    "@angular/common": {
      "src": "../../../../../../node_modules/@angular/common/fesm2022/common.mjs",
      "file": "@angular_common.js",
      "fileHash": "59a5743e",
      "needsInterop": false
    },
    "@angular/core": {
      "src": "../../../../../../node_modules/@angular/core/fesm2022/core.mjs",
      "file": "@angular_core.js",
      "fileHash": "c33766b7",
      "needsInterop": false
    },
    "@angular/platform-browser": {
      "src": "../../../../../../node_modules/@angular/platform-browser/fesm2022/platform-browser.mjs",
      "file": "@angular_platform-browser.js",
      "fileHash": "bd125582",
      "needsInterop": false
    },
    "@angular/router": {
      "src": "../../../../../../node_modules/@angular/router/fesm2022/router.mjs",
      "file": "@angular_router.js",
      "fileHash": "32da3d29",
      "needsInterop": false
    },
    "aos": {
      "src": "../../../../../../node_modules/aos/dist/aos.js",
      "file": "aos.js",
      "fileHash": "7bc3f50e",
      "needsInterop": true
    },
    "glightbox": {
      "src": "../../../../../../node_modules/glightbox/dist/js/glightbox.min.js",
      "file": "glightbox.js",
      "fileHash": "564afdf4",
      "needsInterop": true
    },
    "rxjs": {
      "src": "../../../../../../node_modules/rxjs/dist/esm5/index.js",
      "file": "rxjs.js",
      "fileHash": "9f60005b",
      "needsInterop": false
    },
    "swiper": {
      "src": "../../../../../../node_modules/swiper/swiper.mjs",
      "file": "swiper.js",
      "fileHash": "74102093",
      "needsInterop": false
    },
    "swiper/modules": {
      "src": "../../../../../../node_modules/swiper/modules/index.mjs",
      "file": "swiper_modules.js",
      "fileHash": "ff8ed9e8",
      "needsInterop": false
    },
    "@angular/material/card": {
      "src": "../../../../../../node_modules/@angular/material/fesm2022/card.mjs",
      "file": "@angular_material_card.js",
      "fileHash": "f537cf24",
      "needsInterop": false
    },
    "@angular/material/datepicker": {
      "src": "../../../../../../node_modules/@angular/material/fesm2022/datepicker.mjs",
      "file": "@angular_material_datepicker.js",
      "fileHash": "15f047c7",
      "needsInterop": false
    },
    "@angular/cdk/bidi": {
      "src": "../../../../../../node_modules/@angular/cdk/fesm2022/bidi.mjs",
      "file": "@angular_cdk_bidi.js",
      "fileHash": "3f4f52fc",
      "needsInterop": false
    },
    "@angular/cdk/scrolling": {
      "src": "../../../../../../node_modules/@angular/cdk/fesm2022/scrolling.mjs",
      "file": "@angular_cdk_scrolling.js",
      "fileHash": "448002fa",
      "needsInterop": false
    },
    "@angular/material/core": {
      "src": "../../../../../../node_modules/@angular/material/fesm2022/core.mjs",
      "file": "@angular_material_core.js",
      "fileHash": "482083d5",
      "needsInterop": false
    },
    "@angular/common/locales/bg": {
      "src": "../../../../../../node_modules/@angular/common/locales/bg.js",
      "file": "@angular_common_locales_bg.js",
      "fileHash": "d42fab4a",
      "needsInterop": false
    }
  },
  "chunks": {
    "chunk-4EE2NH56": {
      "file": "chunk-4EE2NH56.js"
    },
    "chunk-DBZWJXVG": {
      "file": "chunk-DBZWJXVG.js"
    },
    "chunk-64NVCEP6": {
      "file": "chunk-64NVCEP6.js"
    },
    "chunk-2O4WY5GE": {
      "file": "chunk-2O4WY5GE.js"
    },
    "chunk-OULXP3SL": {
      "file": "chunk-OULXP3SL.js"
    },
    "chunk-CFAEMBXQ": {
      "file": "chunk-CFAEMBXQ.js"
    },
    "chunk-L76TKEWI": {
      "file": "chunk-L76TKEWI.js"
    },
    "chunk-OFE4ARO4": {
      "file": "chunk-OFE4ARO4.js"
    },
    "chunk-UOGVWHF2": {
      "file": "chunk-UOGVWHF2.js"
    },
    "chunk-P6U2JBMQ": {
      "file": "chunk-P6U2JBMQ.js"
    },
    "chunk-T42KDHB5": {
      "file": "chunk-T42KDHB5.js"
    },
    "chunk-3OV72XIM": {
      "file": "chunk-3OV72XIM.js"
    }
  }
}